"org_id","cluster_id","node_name","name","read_iops","write_iops","read_throughput","write_throughput","size","ts"
"46501dbc-3205-4b6c-81ac-f7c5e38539f6","2f9ffa04-2160-4ba7-a54a-609c33c5eaf4","gke-gke-2708-0-kryst-multi-device-poo-9545024a-9wgf","dm-0",120,0,5904468.736568708,0,2087714816,"2025-09-02 11:21:57.489"
"46501dbc-3205-4b6c-81ac-f7c5e38539f6","2f9ffa04-2160-4ba7-a54a-609c33c5eaf4","gke-gke-2708-0-kryst-multi-device-poo-9545024a-9wgf","dm-1",4,18,213888.423099687,3373061.2256945223,8581545984,"2025-09-02 11:21:57.489"
"46501dbc-3205-4b6c-81ac-f7c5e38539f6","2f9ffa04-2160-4ba7-a54a-609c33c5eaf4","gke-gke-2708-0-kryst-multi-device-poo-9545024a-9wgf","md0",5,28,267876.74181003886,3374202.7697468554,8579448832,"2025-09-02 11:21:57.489"
"46501dbc-3205-4b6c-81ac-f7c5e38539f6","2f9ffa04-2160-4ba7-a54a-609c33c5eaf4","gke-gke-2708-0-kryst-multi-device-poo-9545024a-9wgf","sda",216,76826,12979632.867336562,827246148.0729746,21474836480,"2025-09-02 11:21:57.489"
"46501dbc-3205-4b6c-81ac-f7c5e38539f6","2f9ffa04-2160-4ba7-a54a-609c33c5eaf4","gke-gke-2708-0-kryst-multi-device-poo-9545024a-9wgf","sda1",83,76826,6211837.866365719,827245476.5764734,17018371584,"2025-09-02 11:21:57.489"
"46501dbc-3205-4b6c-81ac-f7c5e38539f6","2f9ffa04-2160-4ba7-a54a-609c33c5eaf4","gke-gke-2708-0-kryst-multi-device-poo-9545024a-9wgf","sda10",0,0,109.11818147303708,0,512,"2025-09-02 11:21:57.489"
"46501dbc-3205-4b6c-81ac-f7c5e38539f6","2f9ffa04-2160-4ba7-a54a-609c33c5eaf4","gke-gke-2708-0-kryst-multi-device-poo-9545024a-9wgf","sda11",4,0,23032.32999707798,0,8388608,"2025-09-02 11:21:57.489"
"46501dbc-3205-4b6c-81ac-f7c5e38539f6","2f9ffa04-2160-4ba7-a54a-609c33c5eaf4","gke-gke-2708-0-kryst-multi-device-poo-9545024a-9wgf","sda12",3,0,50563.68655335195,0,33554432,"2025-09-02 11:21:57.489"
"46501dbc-3205-4b6c-81ac-f7c5e38539f6","2f9ffa04-2160-4ba7-a54a-609c33c5eaf4","gke-gke-2708-0-kryst-multi-device-poo-9545024a-9wgf","sda2",4,0,70171.38439343,0,16777216,"2025-09-02 11:21:57.489"
"46501dbc-3205-4b6c-81ac-f7c5e38539f6","2f9ffa04-2160-4ba7-a54a-609c33c5eaf4","gke-gke-2708-0-kryst-multi-device-poo-9545024a-9wgf","sda3",106,0,6278425.138183073,0,2147483648,"2025-09-02 11:21:57.489"
"46501dbc-3205-4b6c-81ac-f7c5e38539f6","2f9ffa04-2160-4ba7-a54a-609c33c5eaf4","gke-gke-2708-0-kryst-multi-device-poo-9545024a-9wgf","sda4",4,0,70171.38439343,0,16777216,"2025-09-02 11:21:57.489"
"46501dbc-3205-4b6c-81ac-f7c5e38539f6","2f9ffa04-2160-4ba7-a54a-609c33c5eaf4","gke-gke-2708-0-kryst-multi-device-poo-9545024a-9wgf","sda5",6,0,233412.18387709346,0,2147483648,"2025-09-02 11:21:57.489"
"46501dbc-3205-4b6c-81ac-f7c5e38539f6","2f9ffa04-2160-4ba7-a54a-609c33c5eaf4","gke-gke-2708-0-kryst-multi-device-poo-9545024a-9wgf","sda6",0,0,109.11818147303708,0,512,"2025-09-02 11:21:57.489"
"46501dbc-3205-4b6c-81ac-f7c5e38539f6","2f9ffa04-2160-4ba7-a54a-609c33c5eaf4","gke-gke-2708-0-kryst-multi-device-poo-9545024a-9wgf","sda7",0,0,109.11818147303708,0,512,"2025-09-02 11:21:57.489"
"46501dbc-3205-4b6c-81ac-f7c5e38539f6","2f9ffa04-2160-4ba7-a54a-609c33c5eaf4","gke-gke-2708-0-kryst-multi-device-poo-9545024a-9wgf","sda8",1,0,21168.927205769192,0,16777216,"2025-09-02 11:21:57.489"
"46501dbc-3205-4b6c-81ac-f7c5e38539f6","2f9ffa04-2160-4ba7-a54a-609c33c5eaf4","gke-gke-2708-0-kryst-multi-device-poo-9545024a-9wgf","sda9",0,0,109.11818147303708,0,512,"2025-09-02 11:21:57.489"
"46501dbc-3205-4b6c-81ac-f7c5e38539f6","2f9ffa04-2160-4ba7-a54a-609c33c5eaf4","gke-gke-2708-0-kryst-multi-device-poo-9545024a-9wgf","sdb",13,57,329234.73462295433,120911405.92804238,402653184000,"2025-09-02 11:21:57.489"
"46501dbc-3205-4b6c-81ac-f7c5e38539f6","2f9ffa04-2160-4ba7-a54a-609c33c5eaf4","gke-gke-2708-0-kryst-multi-device-poo-9545024a-9wgf","sdc",13,53,329234.73462295433,120890723.8358001,402653184000,"2025-09-02 11:21:57.489"
"46501dbc-3205-4b6c-81ac-f7c5e38539f6","2f9ffa04-2160-4ba7-a54a-609c33c5eaf4","gke-gke-2708-0-kryst-multi-device-poo-9545024a-9wgf","sdd",3,6,165826.06101394774,1688545.1023513786,4294967296,"2025-09-02 11:21:57.489"
"46501dbc-3205-4b6c-81ac-f7c5e38539f6","2f9ffa04-2160-4ba7-a54a-609c33c5eaf4","gke-gke-2708-0-kryst-multi-device-poo-9545024a-9wgf","sde",3,5,156274.0232819234,1685791.9666957513,4294967296,"2025-09-02 11:21:57.489"
"46501dbc-3205-4b6c-81ac-f7c5e38539f6","2f9ffa04-2160-4ba7-a54a-609c33c5eaf4","gke-gke-2708-0-kryst-multi-device-poo-9545024a-9wgf","sdf",6,1,277747.74038021517,2278496.747338487,4294967296,"2025-09-02 11:21:57.489"
"46501dbc-3205-4b6c-81ac-f7c5e38539f6","2f9ffa04-2160-4ba7-a54a-609c33c5eaf4","gke-gke-2708-0-kryst-multi-device-poo-9545024a-9wgf","sdg",6,0,144640.3463956442,1108615.5426472554,4294967296,"2025-09-02 11:21:57.489"
"46501dbc-3205-4b6c-81ac-f7c5e38539f6","2f9ffa04-2160-4ba7-a54a-609c33c5eaf4","gke-gke-2708-0-kryst-multi-device-poo-9545024a-9wgf","dm-0",120,0,5904250.515194407,0,2087714816,"2025-09-02 11:20:57.491"
"46501dbc-3205-4b6c-81ac-f7c5e38539f6","2f9ffa04-2160-4ba7-a54a-609c33c5eaf4","gke-gke-2708-0-kryst-multi-device-poo-9545024a-9wgf","dm-1",4,18,213880.51806576803,3372936.5618019495,8581545984,"2025-09-02 11:20:57.491"
"46501dbc-3205-4b6c-81ac-f7c5e38539f6","2f9ffa04-2160-4ba7-a54a-609c33c5eaf4","gke-gke-2708-0-kryst-multi-device-poo-9545024a-9wgf","md0",5,28,267866.84143909113,3374078.063664321,8579448832,"2025-09-02 11:20:57.491"
"46501dbc-3205-4b6c-81ac-f7c5e38539f6","2f9ffa04-2160-4ba7-a54a-609c33c5eaf4","gke-gke-2708-0-kryst-multi-device-poo-9545024a-9wgf","sda",216,76772,12979153.157230774,826717188.9146082,21474836480,"2025-09-02 11:20:57.491"
"46501dbc-3205-4b6c-81ac-f7c5e38539f6","2f9ffa04-2160-4ba7-a54a-609c33c5eaf4","gke-gke-2708-0-kryst-multi-device-poo-9545024a-9wgf","sda1",83,76772,6211608.285033915,826716517.4429244,17018371584,"2025-09-02 11:20:57.491"
"46501dbc-3205-4b6c-81ac-f7c5e38539f6","2f9ffa04-2160-4ba7-a54a-609c33c5eaf4","gke-gke-2708-0-kryst-multi-device-poo-9545024a-9wgf","sda10",0,0,109.11414860901752,0,512,"2025-09-02 11:20:57.491"
"46501dbc-3205-4b6c-81ac-f7c5e38539f6","2f9ffa04-2160-4ba7-a54a-609c33c5eaf4","gke-gke-2708-0-kryst-multi-device-poo-9545024a-9wgf","sda11",4,0,23031.478752549545,0,8388608,"2025-09-02 11:20:57.491"
"46501dbc-3205-4b6c-81ac-f7c5e38539f6","2f9ffa04-2160-4ba7-a54a-609c33c5eaf4","gke-gke-2708-0-kryst-multi-device-poo-9545024a-9wgf","sda12",3,0,50561.81778620935,0,33554432,"2025-09-02 11:20:57.491"
"46501dbc-3205-4b6c-81ac-f7c5e38539f6","2f9ffa04-2160-4ba7-a54a-609c33c5eaf4","gke-gke-2708-0-kryst-multi-device-poo-9545024a-9wgf","sda2",4,0,70168.7909516451,0,16777216,"2025-09-02 11:20:57.491"
"46501dbc-3205-4b6c-81ac-f7c5e38539f6","2f9ffa04-2160-4ba7-a54a-609c33c5eaf4","gke-gke-2708-0-kryst-multi-device-poo-9545024a-9wgf","sda3",106,0,6278193.095873556,0,2147483648,"2025-09-02 11:20:57.491"
"46501dbc-3205-4b6c-81ac-f7c5e38539f6","2f9ffa04-2160-4ba7-a54a-609c33c5eaf4","gke-gke-2708-0-kryst-multi-device-poo-9545024a-9wgf","sda4",4,0,70168.7909516451,0,16777216,"2025-09-02 11:20:57.491"
"46501dbc-3205-4b6c-81ac-f7c5e38539f6","2f9ffa04-2160-4ba7-a54a-609c33c5eaf4","gke-gke-2708-0-kryst-multi-device-poo-9545024a-9wgf","sda5",6,0,233403.55727073533,0,2147483648,"2025-09-02 11:20:57.491"
"46501dbc-3205-4b6c-81ac-f7c5e38539f6","2f9ffa04-2160-4ba7-a54a-609c33c5eaf4","gke-gke-2708-0-kryst-multi-device-poo-9545024a-9wgf","sda6",0,0,109.11414860901752,0,512,"2025-09-02 11:20:57.491"
"46501dbc-3205-4b6c-81ac-f7c5e38539f6","2f9ffa04-2160-4ba7-a54a-609c33c5eaf4","gke-gke-2708-0-kryst-multi-device-poo-9545024a-9wgf","sda7",0,0,109.11414860901752,0,512,"2025-09-02 11:20:57.491"
"46501dbc-3205-4b6c-81ac-f7c5e38539f6","2f9ffa04-2160-4ba7-a54a-609c33c5eaf4","gke-gke-2708-0-kryst-multi-device-poo-9545024a-9wgf","sda8",1,0,21168.1448301494,0,16777216,"2025-09-02 11:20:57.491"
"46501dbc-3205-4b6c-81ac-f7c5e38539f6","2f9ffa04-2160-4ba7-a54a-609c33c5eaf4","gke-gke-2708-0-kryst-multi-device-poo-9545024a-9wgf","sda9",0,0,109.11414860901752,0,512,"2025-09-02 11:20:57.491"
"46501dbc-3205-4b6c-81ac-f7c5e38539f6","2f9ffa04-2160-4ba7-a54a-609c33c5eaf4","gke-gke-2708-0-kryst-multi-device-poo-9545024a-9wgf","sdb",13,57,329222.5665415464,120906937.20200664,402653184000,"2025-09-02 11:20:57.491"
"46501dbc-3205-4b6c-81ac-f7c5e38539f6","2f9ffa04-2160-4ba7-a54a-609c33c5eaf4","gke-gke-2708-0-kryst-multi-device-poo-9545024a-9wgf","sdc",13,53,329222.5665415464,120886255.8741472,402653184000,"2025-09-02 11:20:57.491"
"46501dbc-3205-4b6c-81ac-f7c5e38539f6","2f9ffa04-2160-4ba7-a54a-609c33c5eaf4","gke-gke-2708-0-kryst-multi-device-poo-9545024a-9wgf","sdd",3,6,165819.93230151923,1688482.6959522183,4294967296,"2025-09-02 11:20:57.491"
"46501dbc-3205-4b6c-81ac-f7c5e38539f6","2f9ffa04-2160-4ba7-a54a-609c33c5eaf4","gke-gke-2708-0-kryst-multi-device-poo-9545024a-9wgf","sde",3,5,156268.24760020679,1685729.6620488523,4294967296,"2025-09-02 11:20:57.491"
"46501dbc-3205-4b6c-81ac-f7c5e38539f6","2f9ffa04-2160-4ba7-a54a-609c33c5eaf4","gke-gke-2708-0-kryst-multi-device-poo-9545024a-9wgf","sdf",6,1,277737.47519018385,2278412.537104895,4294967296,"2025-09-02 11:20:57.491"
"46501dbc-3205-4b6c-81ac-f7c5e38539f6","2f9ffa04-2160-4ba7-a54a-609c33c5eaf4","gke-gke-2708-0-kryst-multi-device-poo-9545024a-9wgf","sdg",6,0,144635.00067927616,1108574.5696794775,4294967296,"2025-09-02 11:20:57.491"
"46501dbc-3205-4b6c-81ac-f7c5e38539f6","2f9ffa04-2160-4ba7-a54a-609c33c5eaf4","gke-gke-2708-0-kryst-multi-device-poo-9545024a-9wgf","sda10",0,0,109.11323830764535,0,512,"2025-09-02 11:19:57.490"
"46501dbc-3205-4b6c-81ac-f7c5e38539f6","2f9ffa04-2160-4ba7-a54a-609c33c5eaf4","gke-gke-2708-0-kryst-multi-device-poo-9545024a-9wgf","sda1",83,76718,6211556.463747516,826196007.0676258,17018371584,"2025-09-02 11:19:57.490"
"46501dbc-3205-4b6c-81ac-f7c5e38539f6","2f9ffa04-2160-4ba7-a54a-609c33c5eaf4","gke-gke-2708-0-kryst-multi-device-poo-9545024a-9wgf","dm-0",120,0,5904201.258086926,0,2087714816,"2025-09-02 11:19:57.490"
"46501dbc-3205-4b6c-81ac-f7c5e38539f6","2f9ffa04-2160-4ba7-a54a-609c33c5eaf4","gke-gke-2708-0-kryst-multi-device-poo-9545024a-9wgf","dm-1",4,18,213878.7337350322,3372908.4225659333,8581545984,"2025-09-02 11:19:57.490"
"46501dbc-3205-4b6c-81ac-f7c5e38539f6","2f9ffa04-2160-4ba7-a54a-609c33c5eaf4","gke-gke-2708-0-kryst-multi-device-poo-9545024a-9wgf","md0",5,28,267864.60671924567,3374049.914905152,8579448832,"2025-09-02 11:19:57.490"
"46501dbc-3205-4b6c-81ac-f7c5e38539f6","2f9ffa04-2160-4ba7-a54a-609c33c5eaf4","gke-gke-2708-0-kryst-multi-device-poo-9545024a-9wgf","sda11",4,0,23031.286608936833,0,8388608,"2025-09-02 11:19:57.490"
"46501dbc-3205-4b6c-81ac-f7c5e38539f6","2f9ffa04-2160-4ba7-a54a-609c33c5eaf4","gke-gke-2708-0-kryst-multi-device-poo-9545024a-9wgf","sda",216,76718,12979044.876672486,826196678.5337077,21474836480,"2025-09-02 11:19:57.490"
"46501dbc-3205-4b6c-81ac-f7c5e38539f6","2f9ffa04-2160-4ba7-a54a-609c33c5eaf4","gke-gke-2708-0-kryst-multi-device-poo-9545024a-9wgf","sda12",3,0,50561.39596655812,0,33554432,"2025-09-02 11:19:57.490"
"46501dbc-3205-4b6c-81ac-f7c5e38539f6","2f9ffa04-2160-4ba7-a54a-609c33c5eaf4","gke-gke-2708-0-kryst-multi-device-poo-9545024a-9wgf","sda9",0,0,109.11323830764535,0,512,"2025-09-02 11:19:57.490"
"46501dbc-3205-4b6c-81ac-f7c5e38539f6","2f9ffa04-2160-4ba7-a54a-609c33c5eaf4","gke-gke-2708-0-kryst-multi-device-poo-9545024a-9wgf","sda6",0,0,109.11323830764535,0,512,"2025-09-02 11:19:57.490"
"46501dbc-3205-4b6c-81ac-f7c5e38539f6","2f9ffa04-2160-4ba7-a54a-609c33c5eaf4","gke-gke-2708-0-kryst-multi-device-poo-9545024a-9wgf","sda4",4,0,70168.20555783962,0,16777216,"2025-09-02 11:19:57.490"
"46501dbc-3205-4b6c-81ac-f7c5e38539f6","2f9ffa04-2160-4ba7-a54a-609c33c5eaf4","gke-gke-2708-0-kryst-multi-device-poo-9545024a-9wgf","sda3",106,0,6278140.719093251,0,2147483648,"2025-09-02 11:19:57.490"
"46501dbc-3205-4b6c-81ac-f7c5e38539f6","2f9ffa04-2160-4ba7-a54a-609c33c5eaf4","gke-gke-2708-0-kryst-multi-device-poo-9545024a-9wgf","sda7",0,0,109.11323830764535,0,512,"2025-09-02 11:19:57.490"
"46501dbc-3205-4b6c-81ac-f7c5e38539f6","2f9ffa04-2160-4ba7-a54a-609c33c5eaf4","gke-gke-2708-0-kryst-multi-device-poo-9545024a-9wgf","sda2",4,0,70168.20555783962,0,16777216,"2025-09-02 11:19:57.490"
"46501dbc-3205-4b6c-81ac-f7c5e38539f6","2f9ffa04-2160-4ba7-a54a-609c33c5eaf4","gke-gke-2708-0-kryst-multi-device-poo-9545024a-9wgf","sda8",1,0,21167.968231683197,0,16777216,"2025-09-02 11:19:57.490"
"46501dbc-3205-4b6c-81ac-f7c5e38539f6","2f9ffa04-2160-4ba7-a54a-609c33c5eaf4","gke-gke-2708-0-kryst-multi-device-poo-9545024a-9wgf","sda5",6,0,233401.61006607706,0,2147483648,"2025-09-02 11:19:57.490"
"46501dbc-3205-4b6c-81ac-f7c5e38539f6","2f9ffa04-2160-4ba7-a54a-609c33c5eaf4","gke-gke-2708-0-kryst-multi-device-poo-9545024a-9wgf","sdc",13,53,329219.819952237,120885247.3621806,402653184000,"2025-09-02 11:19:57.490"
"46501dbc-3205-4b6c-81ac-f7c5e38539f6","2f9ffa04-2160-4ba7-a54a-609c33c5eaf4","gke-gke-2708-0-kryst-multi-device-poo-9545024a-9wgf","sdb",13,57,329219.819952237,120905928.5175029,402653184000,"2025-09-02 11:19:57.490"
"46501dbc-3205-4b6c-81ac-f7c5e38539f6","2f9ffa04-2160-4ba7-a54a-609c33c5eaf4","gke-gke-2708-0-kryst-multi-device-poo-9545024a-9wgf","sde",3,5,156266.94390859545,1685715.598592884,4294967296,"2025-09-02 11:19:57.490"
"46501dbc-3205-4b6c-81ac-f7c5e38539f6","2f9ffa04-2160-4ba7-a54a-609c33c5eaf4","gke-gke-2708-0-kryst-multi-device-poo-9545024a-9wgf","sdg",6,0,144633.79403979573,1108565.3212276057,4294967296,"2025-09-02 11:19:57.490"
"46501dbc-3205-4b6c-81ac-f7c5e38539f6","2f9ffa04-2160-4ba7-a54a-609c33c5eaf4","gke-gke-2708-0-kryst-multi-device-poo-9545024a-9wgf","sdd",3,6,165818.54892352625,1688468.609528646,4294967296,"2025-09-02 11:19:57.490"
"46501dbc-3205-4b6c-81ac-f7c5e38539f6","2f9ffa04-2160-4ba7-a54a-609c33c5eaf4","gke-gke-2708-0-kryst-multi-device-poo-9545024a-9wgf","sdf",6,1,277735.15812307573,2278393.5291019427,4294967296,"2025-09-02 11:19:57.490"
"46501dbc-3205-4b6c-81ac-f7c5e38539f6","2f9ffa04-2160-4ba7-a54a-609c33c5eaf4","gke-gke-2708-0-kryst-multi-device-poo-9545024a-9wgf","sda1",83,76666,6211768.589585537,825698867.0825255,17018371584,"2025-09-02 11:18:57.490"
"46501dbc-3205-4b6c-81ac-f7c5e38539f6","2f9ffa04-2160-4ba7-a54a-609c33c5eaf4","gke-gke-2708-0-kryst-multi-device-poo-9545024a-9wgf","dm-0",120,0,5904402.88768605,0,2087714816,"2025-09-02 11:18:57.490"
"46501dbc-3205-4b6c-81ac-f7c5e38539f6","2f9ffa04-2160-4ba7-a54a-609c33c5eaf4","gke-gke-2708-0-kryst-multi-device-poo-9545024a-9wgf","sda10",0,0,109.11696454554567,0,512,"2025-09-02 11:18:57.490"
"46501dbc-3205-4b6c-81ac-f7c5e38539f6","2f9ffa04-2160-4ba7-a54a-609c33c5eaf4","gke-gke-2708-0-kryst-multi-device-poo-9545024a-9wgf","dm-1",4,18,213886.0377345842,3373023.608031908,8581545984,"2025-09-02 11:18:57.490"
"46501dbc-3205-4b6c-81ac-f7c5e38539f6","2f9ffa04-2160-4ba7-a54a-609c33c5eaf4","gke-gke-2708-0-kryst-multi-device-poo-9545024a-9wgf","md0",5,28,267873.75434665725,3374165.1393533074,8579448832,"2025-09-02 11:18:57.490"
"46501dbc-3205-4b6c-81ac-f7c5e38539f6","2f9ffa04-2160-4ba7-a54a-609c33c5eaf4","gke-gke-2708-0-kryst-multi-device-poo-9545024a-9wgf","sda11",4,0,23032.073131767487,0,8388608,"2025-09-02 11:18:57.490"
"46501dbc-3205-4b6c-81ac-f7c5e38539f6","2f9ffa04-2160-4ba7-a54a-609c33c5eaf4","gke-gke-2708-0-kryst-multi-device-poo-9545024a-9wgf","sda",216,76666,12979488.113530628,825699538.5715381,21474836480,"2025-09-02 11:18:57.490"
"46501dbc-3205-4b6c-81ac-f7c5e38539f6","2f9ffa04-2160-4ba7-a54a-609c33c5eaf4","gke-gke-2708-0-kryst-multi-device-poo-9545024a-9wgf","sda12",3,0,50563.12264787439,0,33554432,"2025-09-02 11:18:57.490"
"46501dbc-3205-4b6c-81ac-f7c5e38539f6","2f9ffa04-2160-4ba7-a54a-609c33c5eaf4","gke-gke-2708-0-kryst-multi-device-poo-9545024a-9wgf","sda4",4,0,70170.60181544322,0,16777216,"2025-09-02 11:18:57.490"
"46501dbc-3205-4b6c-81ac-f7c5e38539f6","2f9ffa04-2160-4ba7-a54a-609c33c5eaf4","gke-gke-2708-0-kryst-multi-device-poo-9545024a-9wgf","sda9",0,0,109.11696454554567,0,512,"2025-09-02 11:18:57.490"
"46501dbc-3205-4b6c-81ac-f7c5e38539f6","2f9ffa04-2160-4ba7-a54a-609c33c5eaf4","gke-gke-2708-0-kryst-multi-device-poo-9545024a-9wgf","sda6",0,0,109.11696454554567,0,512,"2025-09-02 11:18:57.490"
"46501dbc-3205-4b6c-81ac-f7c5e38539f6","2f9ffa04-2160-4ba7-a54a-609c33c5eaf4","gke-gke-2708-0-kryst-multi-device-poo-9545024a-9wgf","sda3",106,0,6278355.118796293,0,2147483648,"2025-09-02 11:18:57.490"
"46501dbc-3205-4b6c-81ac-f7c5e38539f6","2f9ffa04-2160-4ba7-a54a-609c33c5eaf4","gke-gke-2708-0-kryst-multi-device-poo-9545024a-9wgf","sda7",0,0,109.11696454554567,0,512,"2025-09-02 11:18:57.490"
"46501dbc-3205-4b6c-81ac-f7c5e38539f6","2f9ffa04-2160-4ba7-a54a-609c33c5eaf4","gke-gke-2708-0-kryst-multi-device-poo-9545024a-9wgf","sda2",4,0,70170.60181544322,0,16777216,"2025-09-02 11:18:57.490"
"46501dbc-3205-4b6c-81ac-f7c5e38539f6","2f9ffa04-2160-4ba7-a54a-609c33c5eaf4","gke-gke-2708-0-kryst-multi-device-poo-9545024a-9wgf","sda8",1,0,21168.691121835862,0,16777216,"2025-09-02 11:18:57.490"
"46501dbc-3205-4b6c-81ac-f7c5e38539f6","2f9ffa04-2160-4ba7-a54a-609c33c5eaf4","gke-gke-2708-0-kryst-multi-device-poo-9545024a-9wgf","sda5",6,0,233409.58077557955,0,2147483648,"2025-09-02 11:18:57.490"
"46501dbc-3205-4b6c-81ac-f7c5e38539f6","2f9ffa04-2160-4ba7-a54a-609c33c5eaf4","gke-gke-2708-0-kryst-multi-device-poo-9545024a-9wgf","sdg",6,0,144638.73331144947,1108603.1789447719,4294967296,"2025-09-02 11:18:57.490"
"46501dbc-3205-4b6c-81ac-f7c5e38539f6","2f9ffa04-2160-4ba7-a54a-609c33c5eaf4","gke-gke-2708-0-kryst-multi-device-poo-9545024a-9wgf","sdb",13,57,329231.0628718834,120910057.47802322,402653184000,"2025-09-02 11:18:57.490"
"46501dbc-3205-4b6c-81ac-f7c5e38539f6","2f9ffa04-2160-4ba7-a54a-609c33c5eaf4","gke-gke-2708-0-kryst-multi-device-poo-9545024a-9wgf","sde",3,5,156272.2804545361,1685773.1661021071,4294967296,"2025-09-02 11:18:57.490"
"46501dbc-3205-4b6c-81ac-f7c5e38539f6","2f9ffa04-2160-4ba7-a54a-609c33c5eaf4","gke-gke-2708-0-kryst-multi-device-poo-9545024a-9wgf","sdc",13,53,329231.0628718834,120889375.6164355,402653184000,"2025-09-02 11:18:57.490"
"46501dbc-3205-4b6c-81ac-f7c5e38539f6","2f9ffa04-2160-4ba7-a54a-609c33c5eaf4","gke-gke-2708-0-kryst-multi-device-poo-9545024a-9wgf","sdd",3,6,165824.21165860002,1688526.271053718,4294967296,"2025-09-02 11:18:57.490"
"46501dbc-3205-4b6c-81ac-f7c5e38539f6","2f9ffa04-2160-4ba7-a54a-609c33c5eaf4","gke-gke-2708-0-kryst-multi-device-poo-9545024a-9wgf","sdf",6,1,277744.6428317005,2278471.336675539,4294967296,"2025-09-02 11:18:57.490"
"46501dbc-3205-4b6c-81ac-f7c5e38539f6","2f9ffa04-2160-4ba7-a54a-609c33c5eaf4","gke-gke-2708-0-kryst-multi-device-poo-9545024a-9wgf","sda1",83,76613,6211434.4073402975,825173032.9249578,17018371584,"2025-09-02 11:17:57.491"
"46501dbc-3205-4b6c-81ac-f7c5e38539f6","2f9ffa04-2160-4ba7-a54a-609c33c5eaf4","gke-gke-2708-0-kryst-multi-device-poo-9545024a-9wgf","dm-0",120,0,5904085.241175986,0,2087714816,"2025-09-02 11:17:57.491"
"46501dbc-3205-4b6c-81ac-f7c5e38539f6","2f9ffa04-2160-4ba7-a54a-609c33c5eaf4","gke-gke-2708-0-kryst-multi-device-poo-9545024a-9wgf","dm-1",4,18,213874.53104123514,3372842.1452832036,8581545984,"2025-09-02 11:17:57.491"
"46501dbc-3205-4b6c-81ac-f7c5e38539f6","2f9ffa04-2160-4ba7-a54a-609c33c5eaf4","gke-gke-2708-0-kryst-multi-device-poo-9545024a-9wgf","md0",5,28,267859.3432089309,3373983.615192222,8579448832,"2025-09-02 11:17:57.491"
"46501dbc-3205-4b6c-81ac-f7c5e38539f6","2f9ffa04-2160-4ba7-a54a-609c33c5eaf4","gke-gke-2708-0-kryst-multi-device-poo-9545024a-9wgf","sda11",4,0,23030.834046666245,0,8388608,"2025-09-02 11:17:57.491"
"46501dbc-3205-4b6c-81ac-f7c5e38539f6","2f9ffa04-2160-4ba7-a54a-609c33c5eaf4","gke-gke-2708-0-kryst-multi-device-poo-9545024a-9wgf","sda",216,76613,12978789.839855863,825173704.3778454,21474836480,"2025-09-02 11:17:57.491"
"46501dbc-3205-4b6c-81ac-f7c5e38539f6","2f9ffa04-2160-4ba7-a54a-609c33c5eaf4","gke-gke-2708-0-kryst-multi-device-poo-9545024a-9wgf","sda10",0,0,109.11109424441005,0,512,"2025-09-02 11:17:57.491"
"46501dbc-3205-4b6c-81ac-f7c5e38539f6","2f9ffa04-2160-4ba7-a54a-609c33c5eaf4","gke-gke-2708-0-kryst-multi-device-poo-9545024a-9wgf","sda12",3,0,50560.40244064047,0,33554432,"2025-09-02 11:17:57.491"
"46501dbc-3205-4b6c-81ac-f7c5e38539f6","2f9ffa04-2160-4ba7-a54a-609c33c5eaf4","gke-gke-2708-0-kryst-multi-device-poo-9545024a-9wgf","sda9",0,0,109.11109424441005,0,512,"2025-09-02 11:17:57.491"
"46501dbc-3205-4b6c-81ac-f7c5e38539f6","2f9ffa04-2160-4ba7-a54a-609c33c5eaf4","gke-gke-2708-0-kryst-multi-device-poo-9545024a-9wgf","sda6",0,0,109.11109424441005,0,512,"2025-09-02 11:17:57.491"
"46501dbc-3205-4b6c-81ac-f7c5e38539f6","2f9ffa04-2160-4ba7-a54a-609c33c5eaf4","gke-gke-2708-0-kryst-multi-device-poo-9545024a-9wgf","sda3",106,0,6278017.354312674,0,2147483648,"2025-09-02 11:17:57.491"
"46501dbc-3205-4b6c-81ac-f7c5e38539f6","2f9ffa04-2160-4ba7-a54a-609c33c5eaf4","gke-gke-2708-0-kryst-multi-device-poo-9545024a-9wgf","sda7",0,0,109.11109424441005,0,512,"2025-09-02 11:17:57.491"
"46501dbc-3205-4b6c-81ac-f7c5e38539f6","2f9ffa04-2160-4ba7-a54a-609c33c5eaf4","gke-gke-2708-0-kryst-multi-device-poo-9545024a-9wgf","sda2",4,0,70166.8267602514,0,16777216,"2025-09-02 11:17:57.491"
"46501dbc-3205-4b6c-81ac-f7c5e38539f6","2f9ffa04-2160-4ba7-a54a-609c33c5eaf4","gke-gke-2708-0-kryst-multi-device-poo-9545024a-9wgf","sda8",1,0,21167.55228341555,0,16777216,"2025-09-02 11:17:57.491"
"46501dbc-3205-4b6c-81ac-f7c5e38539f6","2f9ffa04-2160-4ba7-a54a-609c33c5eaf4","gke-gke-2708-0-kryst-multi-device-poo-9545024a-9wgf","sda4",4,0,70166.8267602514,0,16777216,"2025-09-02 11:17:57.491"
"46501dbc-3205-4b6c-81ac-f7c5e38539f6","2f9ffa04-2160-4ba7-a54a-609c33c5eaf4","gke-gke-2708-0-kryst-multi-device-poo-9545024a-9wgf","sda5",6,0,233397.02374988882,0,2147483648,"2025-09-02 11:17:57.491"
"46501dbc-3205-4b6c-81ac-f7c5e38539f6","2f9ffa04-2160-4ba7-a54a-609c33c5eaf4","gke-gke-2708-0-kryst-multi-device-poo-9545024a-9wgf","sdg",6,0,144630.9520015134,1108543.538039919,4294967296,"2025-09-02 11:17:57.491"
"46501dbc-3205-4b6c-81ac-f7c5e38539f6","2f9ffa04-2160-4ba7-a54a-609c33c5eaf4","gke-gke-2708-0-kryst-multi-device-poo-9545024a-9wgf","sdb",13,57,329213.3508186723,120903552.72919081,402653184000,"2025-09-02 11:17:57.491"
"46501dbc-3205-4b6c-81ac-f7c5e38539f6","2f9ffa04-2160-4ba7-a54a-609c33c5eaf4","gke-gke-2708-0-kryst-multi-device-poo-9545024a-9wgf","sde",3,5,156263.87328018664,1685682.474465178,4294967296,"2025-09-02 11:17:57.491"
"46501dbc-3205-4b6c-81ac-f7c5e38539f6","2f9ffa04-2160-4ba7-a54a-609c33c5eaf4","gke-gke-2708-0-kryst-multi-device-poo-9545024a-9wgf","sdc",13,53,329213.3508186723,120882871.98025097,402653184000,"2025-09-02 11:17:57.491"
"46501dbc-3205-4b6c-81ac-f7c5e38539f6","2f9ffa04-2160-4ba7-a54a-609c33c5eaf4","gke-gke-2708-0-kryst-multi-device-poo-9545024a-9wgf","sdd",3,6,165815.29060712038,1688435.4313045754,4294967296,"2025-09-02 11:17:57.491"
"46501dbc-3205-4b6c-81ac-f7c5e38539f6","2f9ffa04-2160-4ba7-a54a-609c33c5eaf4","gke-gke-2708-0-kryst-multi-device-poo-9545024a-9wgf","sdf",6,1,277729.7006575022,2278348.758917526,4294967296,"2025-09-02 11:17:57.491"
"46501dbc-3205-4b6c-81ac-f7c5e38539f6","2f9ffa04-2160-4ba7-a54a-609c33c5eaf4","gke-gke-2708-0-kryst-multi-device-poo-9545024a-9wgf","sda12",3,0,50564.04985517395,0,33554432,"2025-09-02 11:16:57.489"
"46501dbc-3205-4b6c-81ac-f7c5e38539f6","2f9ffa04-2160-4ba7-a54a-609c33c5eaf4","gke-gke-2708-0-kryst-multi-device-poo-9545024a-9wgf","sda10",0,0,109.11896549091323,0,512,"2025-09-02 11:16:57.489"
"46501dbc-3205-4b6c-81ac-f7c5e38539f6","2f9ffa04-2160-4ba7-a54a-609c33c5eaf4","gke-gke-2708-0-kryst-multi-device-poo-9545024a-9wgf","sda",216,76568,12979726.126443857,824734293.6955191,21474836480,"2025-09-02 11:16:57.489"
"46501dbc-3205-4b6c-81ac-f7c5e38539f6","2f9ffa04-2160-4ba7-a54a-609c33c5eaf4","gke-gke-2708-0-kryst-multi-device-poo-9545024a-9wgf","sda11",4,0,23032.495485158914,0,8388608,"2025-09-02 11:16:57.489"
"46501dbc-3205-4b6c-81ac-f7c5e38539f6","2f9ffa04-2160-4ba7-a54a-609c33c5eaf4","gke-gke-2708-0-kryst-multi-device-poo-9545024a-9wgf","md0",5,28,267878.66651361575,3374227.0135094766,8579448832,"2025-09-02 11:16:57.489"
"46501dbc-3205-4b6c-81ac-f7c5e38539f6","2f9ffa04-2160-4ba7-a54a-609c33c5eaf4","gke-gke-2708-0-kryst-multi-device-poo-9545024a-9wgf","dm-0",120,0,5904511.160379077,0,2087714816,"2025-09-02 11:16:57.489"
"46501dbc-3205-4b6c-81ac-f7c5e38539f6","2f9ffa04-2160-4ba7-a54a-609c33c5eaf4","gke-gke-2708-0-kryst-multi-device-poo-9545024a-9wgf","sda1",83,76568,6211882.498633827,824733622.194193,17018371584,"2025-09-02 11:16:57.489"
"46501dbc-3205-4b6c-81ac-f7c5e38539f6","2f9ffa04-2160-4ba7-a54a-609c33c5eaf4","gke-gke-2708-0-kryst-multi-device-poo-9545024a-9wgf","dm-1",4,18,213889.95989534236,3373085.46125511,8581545984,"2025-09-02 11:16:57.489"
"46501dbc-3205-4b6c-81ac-f7c5e38539f6","2f9ffa04-2160-4ba7-a54a-609c33c5eaf4","gke-gke-2708-0-kryst-multi-device-poo-9545024a-9wgf","sda5",6,0,233413.86095163962,0,2147483648,"2025-09-02 11:16:57.489"
"46501dbc-3205-4b6c-81ac-f7c5e38539f6","2f9ffa04-2160-4ba7-a54a-609c33c5eaf4","gke-gke-2708-0-kryst-multi-device-poo-9545024a-9wgf","sda4",4,0,70171.88857723343,0,16777216,"2025-09-02 11:16:57.489"
"46501dbc-3205-4b6c-81ac-f7c5e38539f6","2f9ffa04-2160-4ba7-a54a-609c33c5eaf4","gke-gke-2708-0-kryst-multi-device-poo-9545024a-9wgf","sda8",1,0,21169.079305237166,0,16777216,"2025-09-02 11:16:57.489"
"46501dbc-3205-4b6c-81ac-f7c5e38539f6","2f9ffa04-2160-4ba7-a54a-609c33c5eaf4","gke-gke-2708-0-kryst-multi-device-poo-9545024a-9wgf","sda7",0,0,109.11896549091323,0,512,"2025-09-02 11:16:57.489"
"46501dbc-3205-4b6c-81ac-f7c5e38539f6","2f9ffa04-2160-4ba7-a54a-609c33c5eaf4","gke-gke-2708-0-kryst-multi-device-poo-9545024a-9wgf","sda2",4,0,70171.88857723343,0,16777216,"2025-09-02 11:16:57.489"
"46501dbc-3205-4b6c-81ac-f7c5e38539f6","2f9ffa04-2160-4ba7-a54a-609c33c5eaf4","gke-gke-2708-0-kryst-multi-device-poo-9545024a-9wgf","sda3",106,0,6278470.248883014,0,2147483648,"2025-09-02 11:16:57.489"
"46501dbc-3205-4b6c-81ac-f7c5e38539f6","2f9ffa04-2160-4ba7-a54a-609c33c5eaf4","gke-gke-2708-0-kryst-multi-device-poo-9545024a-9wgf","sda9",0,0,109.11896549091323,0,512,"2025-09-02 11:16:57.489"
"46501dbc-3205-4b6c-81ac-f7c5e38539f6","2f9ffa04-2160-4ba7-a54a-609c33c5eaf4","gke-gke-2708-0-kryst-multi-device-poo-9545024a-9wgf","sda6",0,0,109.11896549091323,0,512,"2025-09-02 11:16:57.489"
"46501dbc-3205-4b6c-81ac-f7c5e38539f6","2f9ffa04-2160-4ba7-a54a-609c33c5eaf4","gke-gke-2708-0-kryst-multi-device-poo-9545024a-9wgf","sdg",6,0,144641.3856414936,1108623.5080879498,4294967296,"2025-09-02 11:16:57.489"
"46501dbc-3205-4b6c-81ac-f7c5e38539f6","2f9ffa04-2160-4ba7-a54a-609c33c5eaf4","gke-gke-2708-0-kryst-multi-device-poo-9545024a-9wgf","sdb",13,57,329237.1001858139,120912274.6806407,402653184000,"2025-09-02 11:16:57.489"
"46501dbc-3205-4b6c-81ac-f7c5e38539f6","2f9ffa04-2160-4ba7-a54a-609c33c5eaf4","gke-gke-2708-0-kryst-multi-device-poo-9545024a-9wgf","sde",3,5,156275.1461161402,1685804.0791688473,4294967296,"2025-09-02 11:16:57.489"
"46501dbc-3205-4b6c-81ac-f7c5e38539f6","2f9ffa04-2160-4ba7-a54a-609c33c5eaf4","gke-gke-2708-0-kryst-multi-device-poo-9545024a-9wgf","sdd",3,6,165827.25247988323,1688557.2346058488,4294967296,"2025-09-02 11:16:57.489"
"46501dbc-3205-4b6c-81ac-f7c5e38539f6","2f9ffa04-2160-4ba7-a54a-609c33c5eaf4","gke-gke-2708-0-kryst-multi-device-poo-9545024a-9wgf","sdc",13,53,329237.1001858139,120891592.43979688,402653184000,"2025-09-02 11:16:57.489"
"46501dbc-3205-4b6c-81ac-f7c5e38539f6","2f9ffa04-2160-4ba7-a54a-609c33c5eaf4","gke-gke-2708-0-kryst-multi-device-poo-9545024a-9wgf","sdf",6,1,277749.73600725527,2278513.118415759,4294967296,"2025-09-02 11:16:57.489"
"46501dbc-3205-4b6c-81ac-f7c5e38539f6","2f9ffa04-2160-4ba7-a54a-609c33c5eaf4","gke-gke-2708-0-kryst-multi-device-poo-9545024a-9wgf","sda12",3,0,50561.20437048999,0,33554432,"2025-09-02 11:15:57.491"
"46501dbc-3205-4b6c-81ac-f7c5e38539f6","2f9ffa04-2160-4ba7-a54a-609c33c5eaf4","gke-gke-2708-0-kryst-multi-device-poo-9545024a-9wgf","sda10",0,0,109.1128248367148,0,512,"2025-09-02 11:15:57.491"
"46501dbc-3205-4b6c-81ac-f7c5e38539f6","2f9ffa04-2160-4ba7-a54a-609c33c5eaf4","gke-gke-2708-0-kryst-multi-device-poo-9545024a-9wgf","sda",216,76508,12978995.69420988,824152873.4284267,21474836480,"2025-09-02 11:15:57.491"
"46501dbc-3205-4b6c-81ac-f7c5e38539f6","2f9ffa04-2160-4ba7-a54a-609c33c5eaf4","gke-gke-2708-0-kryst-multi-device-poo-9545024a-9wgf","sda11",4,0,23031.199334765028,0,8388608,"2025-09-02 11:15:57.491"
"46501dbc-3205-4b6c-81ac-f7c5e38539f6","2f9ffa04-2160-4ba7-a54a-609c33c5eaf4","gke-gke-2708-0-kryst-multi-device-poo-9545024a-9wgf","md0",5,28,267863.5916799166,3374037.1293662037,8579448832,"2025-09-02 11:15:57.491"
"46501dbc-3205-4b6c-81ac-f7c5e38539f6","2f9ffa04-2160-4ba7-a54a-609c33c5eaf4","gke-gke-2708-0-kryst-multi-device-poo-9545024a-9wgf","dm-0",120,0,5904178.884856819,0,2087714816,"2025-09-02 11:15:57.491"
"46501dbc-3205-4b6c-81ac-f7c5e38539f6","2f9ffa04-2160-4ba7-a54a-609c33c5eaf4","gke-gke-2708-0-kryst-multi-device-poo-9545024a-9wgf","sda1",83,76508,6211532.925833409,824152201.9648893,17018371584,"2025-09-02 11:15:57.491"
"46501dbc-3205-4b6c-81ac-f7c5e38539f6","2f9ffa04-2160-4ba7-a54a-609c33c5eaf4","gke-gke-2708-0-kryst-multi-device-poo-9545024a-9wgf","dm-1",4,18,213877.92326839743,3372895.641352528,8581545984,"2025-09-02 11:15:57.491"
"46501dbc-3205-4b6c-81ac-f7c5e38539f6","2f9ffa04-2160-4ba7-a54a-609c33c5eaf4","gke-gke-2708-0-kryst-multi-device-poo-9545024a-9wgf","sda4",4,0,70167.9396642258,0,16777216,"2025-09-02 11:15:57.491"
"46501dbc-3205-4b6c-81ac-f7c5e38539f6","2f9ffa04-2160-4ba7-a54a-609c33c5eaf4","gke-gke-2708-0-kryst-multi-device-poo-9545024a-9wgf","sda5",6,0,233400.72561995115,0,2147483648,"2025-09-02 11:15:57.491"
"46501dbc-3205-4b6c-81ac-f7c5e38539f6","2f9ffa04-2160-4ba7-a54a-609c33c5eaf4","gke-gke-2708-0-kryst-multi-device-poo-9545024a-9wgf","sda7",0,0,109.1128248367148,0,512,"2025-09-02 11:15:57.491"
"46501dbc-3205-4b6c-81ac-f7c5e38539f6","2f9ffa04-2160-4ba7-a54a-609c33c5eaf4","gke-gke-2708-0-kryst-multi-device-poo-9545024a-9wgf","sda8",1,0,21167.88801832267,0,16777216,"2025-09-02 11:15:57.491"
"46501dbc-3205-4b6c-81ac-f7c5e38539f6","2f9ffa04-2160-4ba7-a54a-609c33c5eaf4","gke-gke-2708-0-kryst-multi-device-poo-9545024a-9wgf","sda2",4,0,70167.9396642258,0,16777216,"2025-09-02 11:15:57.491"
"46501dbc-3205-4b6c-81ac-f7c5e38539f6","2f9ffa04-2160-4ba7-a54a-609c33c5eaf4","gke-gke-2708-0-kryst-multi-device-poo-9545024a-9wgf","sda3",106,0,6278116.928866459,0,2147483648,"2025-09-02 11:15:57.491"
"46501dbc-3205-4b6c-81ac-f7c5e38539f6","2f9ffa04-2160-4ba7-a54a-609c33c5eaf4","gke-gke-2708-0-kryst-multi-device-poo-9545024a-9wgf","sda9",0,0,109.1128248367148,0,512,"2025-09-02 11:15:57.491"
"46501dbc-3205-4b6c-81ac-f7c5e38539f6","2f9ffa04-2160-4ba7-a54a-609c33c5eaf4","gke-gke-2708-0-kryst-multi-device-poo-9545024a-9wgf","sda6",0,0,109.1128248367148,0,512,"2025-09-02 11:15:57.491"
"46501dbc-3205-4b6c-81ac-f7c5e38539f6","2f9ffa04-2160-4ba7-a54a-609c33c5eaf4","gke-gke-2708-0-kryst-multi-device-poo-9545024a-9wgf","sdg",6,0,144633.24596817457,1108561.1204583677,4294967296,"2025-09-02 11:15:57.491"
"46501dbc-3205-4b6c-81ac-f7c5e38539f6","2f9ffa04-2160-4ba7-a54a-609c33c5eaf4","gke-gke-2708-0-kryst-multi-device-poo-9545024a-9wgf","sdb",13,57,329218.57241502317,120905470.35965195,402653184000,"2025-09-02 11:15:57.491"
"46501dbc-3205-4b6c-81ac-f7c5e38539f6","2f9ffa04-2160-4ba7-a54a-609c33c5eaf4","gke-gke-2708-0-kryst-multi-device-poo-9545024a-9wgf","sde",3,5,156266.351754612,1685709.2107850614,4294967296,"2025-09-02 11:15:57.491"
"46501dbc-3205-4b6c-81ac-f7c5e38539f6","2f9ffa04-2160-4ba7-a54a-609c33c5eaf4","gke-gke-2708-0-kryst-multi-device-poo-9545024a-9wgf","sdd",3,6,165817.92057493364,1688462.211288634,4294967296,"2025-09-02 11:15:57.491"
"46501dbc-3205-4b6c-81ac-f7c5e38539f6","2f9ffa04-2160-4ba7-a54a-609c33c5eaf4","gke-gke-2708-0-kryst-multi-device-poo-9545024a-9wgf","sdf",6,1,277734.1056805302,2278384.895415441,4294967296,"2025-09-02 11:15:57.491"
"46501dbc-3205-4b6c-81ac-f7c5e38539f6","2f9ffa04-2160-4ba7-a54a-609c33c5eaf4","gke-gke-2708-0-kryst-multi-device-poo-9545024a-9wgf","sdc",13,53,329218.57241502317,120884789.28269827,402653184000,"2025-09-02 11:15:57.491"
"46501dbc-3205-4b6c-81ac-f7c5e38539f6","2f9ffa04-2160-4ba7-a54a-609c33c5eaf4","gke-gke-2708-0-kryst-multi-device-poo-9545024a-9wgf","sda12",3,0,50562.45728353652,0,33554432,"2025-09-02 11:14:57.490"
"46501dbc-3205-4b6c-81ac-f7c5e38539f6","2f9ffa04-2160-4ba7-a54a-609c33c5eaf4","gke-gke-2708-0-kryst-multi-device-poo-9545024a-9wgf","dm-0",120,0,5904325.191157193,0,2087714816,"2025-09-02 11:14:57.490"
"46501dbc-3205-4b6c-81ac-f7c5e38539f6","2f9ffa04-2160-4ba7-a54a-609c33c5eaf4","gke-gke-2708-0-kryst-multi-device-poo-9545024a-9wgf","sda",216,76456,12979317.315366624,823641548.831128,21474836480,"2025-09-02 11:14:57.490"
"46501dbc-3205-4b6c-81ac-f7c5e38539f6","2f9ffa04-2160-4ba7-a54a-609c33c5eaf4","gke-gke-2708-0-kryst-multi-device-poo-9545024a-9wgf","sda11",4,0,23031.77005080083,0,8388608,"2025-09-02 11:14:57.490"
"46501dbc-3205-4b6c-81ac-f7c5e38539f6","2f9ffa04-2160-4ba7-a54a-609c33c5eaf4","gke-gke-2708-0-kryst-multi-device-poo-9545024a-9wgf","md0",5,28,267870.2293736362,3374120.738433501,8579448832,"2025-09-02 11:14:57.490"
"46501dbc-3205-4b6c-81ac-f7c5e38539f6","2f9ffa04-2160-4ba7-a54a-609c33c5eaf4","gke-gke-2708-0-kryst-multi-device-poo-9545024a-9wgf","sda1",83,76456,6211686.848405835,823640877.3509516,17018371584,"2025-09-02 11:14:57.490"
"46501dbc-3205-4b6c-81ac-f7c5e38539f6","2f9ffa04-2160-4ba7-a54a-609c33c5eaf4","gke-gke-2708-0-kryst-multi-device-poo-9545024a-9wgf","dm-1",4,18,213883.22319041792,3372979.2221336076,8581545984,"2025-09-02 11:14:57.490"
"46501dbc-3205-4b6c-81ac-f7c5e38539f6","2f9ffa04-2160-4ba7-a54a-609c33c5eaf4","gke-gke-2708-0-kryst-multi-device-poo-9545024a-9wgf","sda10",0,0,109.11552866633046,0,512,"2025-09-02 11:14:57.490"
"46501dbc-3205-4b6c-81ac-f7c5e38539f6","2f9ffa04-2160-4ba7-a54a-609c33c5eaf4","gke-gke-2708-0-kryst-multi-device-poo-9545024a-9wgf","sda6",0,0,109.11552866633046,0,512,"2025-09-02 11:14:57.490"
"46501dbc-3205-4b6c-81ac-f7c5e38539f6","2f9ffa04-2160-4ba7-a54a-609c33c5eaf4","gke-gke-2708-0-kryst-multi-device-poo-9545024a-9wgf","sda3",106,0,6278272.501398912,0,2147483648,"2025-09-02 11:14:57.490"
"46501dbc-3205-4b6c-81ac-f7c5e38539f6","2f9ffa04-2160-4ba7-a54a-609c33c5eaf4","gke-gke-2708-0-kryst-multi-device-poo-9545024a-9wgf","sda9",0,0,109.11552866633046,0,512,"2025-09-02 11:14:57.490"
"46501dbc-3205-4b6c-81ac-f7c5e38539f6","2f9ffa04-2160-4ba7-a54a-609c33c5eaf4","gke-gke-2708-0-kryst-multi-device-poo-9545024a-9wgf","sda8",1,0,21168.41256126811,0,16777216,"2025-09-02 11:14:57.490"
"46501dbc-3205-4b6c-81ac-f7c5e38539f6","2f9ffa04-2160-4ba7-a54a-609c33c5eaf4","gke-gke-2708-0-kryst-multi-device-poo-9545024a-9wgf","sda5",6,0,233406.50931948598,0,2147483648,"2025-09-02 11:14:57.490"
"46501dbc-3205-4b6c-81ac-f7c5e38539f6","2f9ffa04-2160-4ba7-a54a-609c33c5eaf4","gke-gke-2708-0-kryst-multi-device-poo-9545024a-9wgf","sda4",4,0,70169.6784346556,0,16777216,"2025-09-02 11:14:57.490"
"46501dbc-3205-4b6c-81ac-f7c5e38539f6","2f9ffa04-2160-4ba7-a54a-609c33c5eaf4","gke-gke-2708-0-kryst-multi-device-poo-9545024a-9wgf","sda7",0,0,109.11552866633046,0,512,"2025-09-02 11:14:57.490"
"46501dbc-3205-4b6c-81ac-f7c5e38539f6","2f9ffa04-2160-4ba7-a54a-609c33c5eaf4","gke-gke-2708-0-kryst-multi-device-poo-9545024a-9wgf","sda2",4,0,70169.6784346556,0,16777216,"2025-09-02 11:14:57.490"
"46501dbc-3205-4b6c-81ac-f7c5e38539f6","2f9ffa04-2160-4ba7-a54a-609c33c5eaf4","gke-gke-2708-0-kryst-multi-device-poo-9545024a-9wgf","sdc",13,53,329226.73049293435,120887784.82308353,402653184000,"2025-09-02 11:14:57.490"
"46501dbc-3205-4b6c-81ac-f7c5e38539f6","2f9ffa04-2160-4ba7-a54a-609c33c5eaf4","gke-gke-2708-0-kryst-multi-device-poo-9545024a-9wgf","sdf",6,1,277740.98796683655,2278441.3540816465,4294967296,"2025-09-02 11:14:57.490"
"46501dbc-3205-4b6c-81ac-f7c5e38539f6","2f9ffa04-2160-4ba7-a54a-609c33c5eaf4","gke-gke-2708-0-kryst-multi-device-poo-9545024a-9wgf","sdb",13,57,329226.73049293435,120908466.4125169,402653184000,"2025-09-02 11:14:57.490"
"46501dbc-3205-4b6c-81ac-f7c5e38539f6","2f9ffa04-2160-4ba7-a54a-609c33c5eaf4","gke-gke-2708-0-kryst-multi-device-poo-9545024a-9wgf","sdg",6,0,144636.82999832358,1108588.5907433021,4294967296,"2025-09-02 11:14:57.490"
"46501dbc-3205-4b6c-81ac-f7c5e38539f6","2f9ffa04-2160-4ba7-a54a-609c33c5eaf4","gke-gke-2708-0-kryst-multi-device-poo-9545024a-9wgf","sdd",3,6,165822.0295640019,1688504.0515960283,4294967296,"2025-09-02 11:14:57.490"
"46501dbc-3205-4b6c-81ac-f7c5e38539f6","2f9ffa04-2160-4ba7-a54a-609c33c5eaf4","gke-gke-2708-0-kryst-multi-device-poo-9545024a-9wgf","sde",3,5,156270.22405459543,1685750.9828727548,4294967296,"2025-09-02 11:14:57.490"
"46501dbc-3205-4b6c-81ac-f7c5e38539f6","2f9ffa04-2160-4ba7-a54a-609c33c5eaf4","gke-gke-2708-0-kryst-multi-device-poo-9545024a-9wgf","sda10",0,0,109.11446927814968,0,512,"2025-09-02 11:13:57.490"
"46501dbc-3205-4b6c-81ac-f7c5e38539f6","2f9ffa04-2160-4ba7-a54a-609c33c5eaf4","gke-gke-2708-0-kryst-multi-device-poo-9545024a-9wgf","dm-1",4,18,213881.14662660076,3372946.474326163,8581545984,"2025-09-02 11:13:57.490"
"46501dbc-3205-4b6c-81ac-f7c5e38539f6","2f9ffa04-2160-4ba7-a54a-609c33c5eaf4","gke-gke-2708-0-kryst-multi-device-poo-9545024a-9wgf","sda",216,76405,12979191.300898045,823118314.5417924,21474836480,"2025-09-02 11:13:57.490"
"46501dbc-3205-4b6c-81ac-f7c5e38539f6","2f9ffa04-2160-4ba7-a54a-609c33c5eaf4","gke-gke-2708-0-kryst-multi-device-poo-9545024a-9wgf","sda12",3,0,50561.96637935183,0,33554432,"2025-09-02 11:13:57.490"
"46501dbc-3205-4b6c-81ac-f7c5e38539f6","2f9ffa04-2160-4ba7-a54a-609c33c5eaf4","gke-gke-2708-0-kryst-multi-device-poo-9545024a-9wgf","sda11",4,0,23031.546438403286,0,8388608,"2025-09-02 11:13:57.490"
"46501dbc-3205-4b6c-81ac-f7c5e38539f6","2f9ffa04-2160-4ba7-a54a-609c33c5eaf4","gke-gke-2708-0-kryst-multi-device-poo-9545024a-9wgf","md0",5,28,267867.6286571438,3374087.9795432263,8579448832,"2025-09-02 11:13:57.490"
"46501dbc-3205-4b6c-81ac-f7c5e38539f6","2f9ffa04-2160-4ba7-a54a-609c33c5eaf4","gke-gke-2708-0-kryst-multi-device-poo-9545024a-9wgf","dm-0",120,0,5904267.866847817,0,2087714816,"2025-09-02 11:13:57.490"
"46501dbc-3205-4b6c-81ac-f7c5e38539f6","2f9ffa04-2160-4ba7-a54a-609c33c5eaf4","gke-gke-2708-0-kryst-multi-device-poo-9545024a-9wgf","sda1",83,76405,6211626.539962937,823117643.0681354,17018371584,"2025-09-02 11:13:57.490"
"46501dbc-3205-4b6c-81ac-f7c5e38539f6","2f9ffa04-2160-4ba7-a54a-609c33c5eaf4","gke-gke-2708-0-kryst-multi-device-poo-9545024a-9wgf","sda8",1,0,21168.20703996104,0,16777216,"2025-09-02 11:13:57.490"
"46501dbc-3205-4b6c-81ac-f7c5e38539f6","2f9ffa04-2160-4ba7-a54a-609c33c5eaf4","gke-gke-2708-0-kryst-multi-device-poo-9545024a-9wgf","sda2",4,0,70168.99716656395,0,16777216,"2025-09-02 11:13:57.490"
"46501dbc-3205-4b6c-81ac-f7c5e38539f6","2f9ffa04-2160-4ba7-a54a-609c33c5eaf4","gke-gke-2708-0-kryst-multi-device-poo-9545024a-9wgf","sda5",6,0,233404.2432066759,0,2147483648,"2025-09-02 11:13:57.490"
"46501dbc-3205-4b6c-81ac-f7c5e38539f6","2f9ffa04-2160-4ba7-a54a-609c33c5eaf4","gke-gke-2708-0-kryst-multi-device-poo-9545024a-9wgf","sda3",106,0,6278211.546484749,0,2147483648,"2025-09-02 11:13:57.490"
"46501dbc-3205-4b6c-81ac-f7c5e38539f6","2f9ffa04-2160-4ba7-a54a-609c33c5eaf4","gke-gke-2708-0-kryst-multi-device-poo-9545024a-9wgf","sda6",0,0,109.11446927814968,0,512,"2025-09-02 11:13:57.490"
"46501dbc-3205-4b6c-81ac-f7c5e38539f6","2f9ffa04-2160-4ba7-a54a-609c33c5eaf4","gke-gke-2708-0-kryst-multi-device-poo-9545024a-9wgf","sda9",0,0,109.11446927814968,0,512,"2025-09-02 11:13:57.490"
"46501dbc-3205-4b6c-81ac-f7c5e38539f6","2f9ffa04-2160-4ba7-a54a-609c33c5eaf4","gke-gke-2708-0-kryst-multi-device-poo-9545024a-9wgf","sda4",4,0,70168.99716656395,0,16777216,"2025-09-02 11:13:57.490"
"46501dbc-3205-4b6c-81ac-f7c5e38539f6","2f9ffa04-2160-4ba7-a54a-609c33c5eaf4","gke-gke-2708-0-kryst-multi-device-poo-9545024a-9wgf","sda7",0,0,109.11446927814968,0,512,"2025-09-02 11:13:57.490"
"46501dbc-3205-4b6c-81ac-f7c5e38539f6","2f9ffa04-2160-4ba7-a54a-609c33c5eaf4","gke-gke-2708-0-kryst-multi-device-poo-9545024a-9wgf","sdb",13,57,329223.53407431865,120907292.52826926,402653184000,"2025-09-02 11:13:57.490"
"46501dbc-3205-4b6c-81ac-f7c5e38539f6","2f9ffa04-2160-4ba7-a54a-609c33c5eaf4","gke-gke-2708-0-kryst-multi-device-poo-9545024a-9wgf","sdg",6,0,144635.42573854426,1108577.8276038596,4294967296,"2025-09-02 11:13:57.490"
"46501dbc-3205-4b6c-81ac-f7c5e38539f6","2f9ffa04-2160-4ba7-a54a-609c33c5eaf4","gke-gke-2708-0-kryst-multi-device-poo-9545024a-9wgf","sdd",3,6,165820.41961993268,1688487.6581343703,4294967296,"2025-09-02 11:13:57.490"
"46501dbc-3205-4b6c-81ac-f7c5e38539f6","2f9ffa04-2160-4ba7-a54a-609c33c5eaf4","gke-gke-2708-0-kryst-multi-device-poo-9545024a-9wgf","sdc",13,53,329223.53407431865,120886611.1396307,402653184000,"2025-09-02 11:13:57.490"
"46501dbc-3205-4b6c-81ac-f7c5e38539f6","2f9ffa04-2160-4ba7-a54a-609c33c5eaf4","gke-gke-2708-0-kryst-multi-device-poo-9545024a-9wgf","sde",3,5,156268.70684773775,1685734.6161402755,4294967296,"2025-09-02 11:13:57.490"
"46501dbc-3205-4b6c-81ac-f7c5e38539f6","2f9ffa04-2160-4ba7-a54a-609c33c5eaf4","gke-gke-2708-0-kryst-multi-device-poo-9545024a-9wgf","sdf",6,1,277738.2914164595,2278419.2329970435,4294967296,"2025-09-02 11:13:57.490"
"46501dbc-3205-4b6c-81ac-f7c5e38539f6","2f9ffa04-2160-4ba7-a54a-609c33c5eaf4","gke-gke-2708-0-kryst-multi-device-poo-9545024a-9wgf","sda11",4,0,23031.7808207746,0,8388608,"2025-09-02 11:12:57.490"
"46501dbc-3205-4b6c-81ac-f7c5e38539f6","2f9ffa04-2160-4ba7-a54a-609c33c5eaf4","gke-gke-2708-0-kryst-multi-device-poo-9545024a-9wgf","sda",216,76357,12979323.384674657,822624712.8845502,21474836480,"2025-09-02 11:12:57.490"
